,precision,recall,f1-score,support
0,0.9747689938398357,0.8602396538836161,0.913930234516948,44147.0
1,0.4606643356643357,0.8427954581800736,0.5957158198157464,6253.0
accuracy,0.8580753968253968,0.8580753968253968,0.8580753968253968,0.8580753968253968
macro avg,0.7177166647520857,0.8515175560318449,0.7548230271663472,50400.0
weighted avg,0.9109853345626254,0.8580753968253968,0.8744501802485629,50400.0
